sentiment,on_time_pct
Negative,37.66707168894289
Neutral,37.48251748251748
Positive,38.42364532019704
