sentiment,avg_delay_mins,feedback_count
Negative,4.589307411907655,1646
Neutral,4.500699300699301,715
Positive,4.33611216369837,2639
